ID,Model,H-chain,L-chain
5vob_og,Original,0.24,0.2
5vob_mp,ProteinMPNN,0.64,0.44
5vob_ab,MPNN-AbNet,0.54,0.39
6elu_og,Original,0.25,0.23
6elu_mp,ProteinMPNN,0.45,0.41
6elu_ab,MPNN-AbNet,0.43,0.32
6u02_og,Original,0.22,0.21
6u02_mp,ProteinMPNN,0.69,0.43
6u02_ab,MPNN-AbNet,0.45,0.42
6y9b_og,Original,,
6y9b_mp,ProteinMPNN,0.88,0.39
6y9b_ab,MPNN-AbNet,0.82,0.62
7xa3_og,Original,0.17,0.18
7xa3_mp,ProteinMPNN,,0.47
7xa3_ab,MPNN-AbNet,,0.48
8evh_og,Original,0.23,0.21
8evh_mp,ProteinMPNN,0.82,0.39
8evh_ab,MPNN-AbNet,0.59,0.46
8sgi_og,Original,0.37,0.23
8sgi_mp,ProteinMPNN,0.59,0.56
8ruu_ab,MPNN-AbNet,0.65,0.51
8ruu_og,Original,0.34,0.34
8ruu_mp,ProteinMPNN,0.38,0.3
8ruu_ab,MPNN-AbNet,0.41,0.44
8iuy_og,Original,0.25,0.2
8uiy_mp,ProteinMPNN,0.91,0.58
8uiy_ab,MPNN-AbNet,0.6,0.43
8ucd_og,Original,0.37,0.27
8ucd_mp,ProteinMPNN,0.75,0.38
8ucd_ab,MPNN-AbNet,0.58,0.47